<?xml version="1.0" encoding="UTF-8"?>
<project-private xmlns="http://www.netbeans.org/ns/project-private/1">
    <editor-bookmarks xmlns="http://www.netbeans.org/ns/editor-bookmarks/2" lastBookmarkId="0"/>
    <open-files xmlns="http://www.netbeans.org/ns/projectui-open-files/2">
        <group>
            <file>file:/C:/Users/HP/Documents/Ejercicios-Java-2021-008128-intecap.edu.gt-main/Ejercicios-Java-2021-008128-intecap.edu.gt/ATP0404/AAT1/src/aat1/loginpp.java</file>
            <file>file:/C:/Users/HP/Documents/Ejercicios-Java-2021-008128-intecap.edu.gt-main/Ejercicios-Java-2021-008128-intecap.edu.gt/ATP0404/AAT1/src/aat1/AAT1.java</file>
            <file>file:/C:/Users/HP/Documents/Ejercicios-Java-2021-008128-intecap.edu.gt-main/Ejercicios-Java-2021-008128-intecap.edu.gt/ATP0404/AAT1/src/imagenes/per2pl.jpg</file>
            <file>file:/C:/Users/HP/Documents/Ejercicios-Java-2021-008128-intecap.edu.gt-main/Ejercicios-Java-2021-008128-intecap.edu.gt/ATP0404/AAT1/src/imagenes/moto23.jpg</file>
            <file>file:/C:/Users/HP/Documents/Ejercicios-Java-2021-008128-intecap.edu.gt-main/Ejercicios-Java-2021-008128-intecap.edu.gt/ATP0404/AAT1/src/imagenes/ff.jpg</file>
            <file>file:/C:/Users/HP/Documents/Ejercicios-Java-2021-008128-intecap.edu.gt-main/Ejercicios-Java-2021-008128-intecap.edu.gt/ATP0404/AAT1/src/aat1/menu.java</file>
        </group>
    </open-files>
</project-private>
